File Name,Within-File Entropy,Within-File Hamming Distance
La Fleur et al,0.7326485479632339,25.173316582914573
Urtecho et al,1.5139358909221867,86.7197487437186
Yu et al,0.3522418938732378,21.625175879396984
Lagator et al Pr,0.3758518019742811,16.27286432160804
Lagator et al 36N,0.6147032875245675,26.77763819095477
Lagator et al Pl,0.4191472317054589,19.61246231155779
Hossain et al,1.799954785110853,52.38638190954774
Anderson et al,0.2058268300322671,3.580952380952381
De Novo Designs,1.2170530789722145,60.67908902691512
